,dollar_amount,votes
0,30796.609999999997,380438.0
1,7640.0,16692.0
2,35294.979999999996,226518.0
3,12296.18,9844.0
